loan_id,account_id,amount,duration,location,purpose_id,date
4959,A00000002,80952,24,1,1,2014-01-05
4961,A00000019,30276,12,1,2,2016-04-29
4962,A00000025,30276,12,1,2,2017-12-08
4967,A00000037,318480,60,1,1,2018-10-14
4968,A00000038,110736,48,1,1,2018-04-19
4973,A00000067,165960,24,1,1,2016-05-02
4986,A00000097,102876,12,1,1,2017-08-10
4988,A00000103,265320,36,1,1,2017-12-06
4989,A00000105,352704,48,1,1,2018-12-05
4990,A00000110,162576,36,1,1,2017-09-08
4996,A00000132,88440,12,1,1,2016-11-06
5002,A00000173,104808,12,1,1,2014-05-31
5005,A00000176,27456,12,1,2,2017-04-10
5015,A00000226,109344,12,1,1,2018-07-12
5027,A00000276,160920,36,1,1,2018-12-02
5032,A00000290,123696,48,70,1,2014-11-03
5034,A00000303,112752,36,70,1,2018-05-30
5036,A00000309,91248,48,70,1,2018-11-25
5039,A00000314,66840,24,70,1,2017-05-03
5041,A00000319,369000,60,70,1,2017-07-11
5042,A00000330,331584,48,70,1,2018-07-12
5043,A00000339,468060,60,70,1,2017-12-25
5044,A00000344,100980,60,70,1,2014-12-21
5045,A00000347,187224,24,70,1,2015-05-01
5046,A00000349,42816,12,70,2,2018-09-09
5051,A00000378,230400,60,70,1,2017-10-11
5060,A00000426,252060,60,70,1,2014-07-19
5061,A00000440,84288,48,70,1,2018-03-13
5063,A00000442,357840,48,70,1,2017-07-10
5072,A00000472,196800,24,64,1,2017-04-28
5082,A00000501,262980,60,64,1,2016-10-24
5086,A00000525,210384,48,64,1,2017-07-16
5088,A00000544,91152,24,64,1,2016-08-22
5103,A00000666,12540,12,64,2,2017-11-28
5110,A00000675,102240,60,64,1,2017-04-01
5117,A00000718,76944,12,64,1,2017-08-20
5124,A00000785,156096,36,64,1,2018-02-12
5125,A00000789,73056,48,64,1,2015-11-23
5126,A00000790,208128,48,64,1,2014-07-24
5128,A00000808,215616,48,64,1,2016-04-11
5130,A00000813,24312,12,64,2,2014-05-11
5131,A00000816,48624,24,64,1,2015-01-08
5132,A00000817,538500,60,64,1,2015-02-17
5134,A00000825,53076,12,64,1,2017-02-02
5136,A00000846,187104,24,64,1,2016-07-28
5138,A00000854,87216,48,64,1,2015-05-30
5140,A00000873,178500,60,64,1,2018-02-24
5145,A00000915,309552,48,64,1,2015-09-16
5147,A00000938,22260,60,64,2,2018-05-21
5148,A00000940,284280,60,64,1,2016-05-29
5151,A00000960,189060,60,64,1,2015-05-24
5154,A00000993,108720,60,64,1,2018-07-01
5158,A00001004,188532,36,64,1,2018-04-11
5160,A00001011,204000,60,64,1,2015-12-18
5161,A00001012,98184,24,64,1,2014-10-28
5169,A00001068,253200,60,64,1,2018-09-24
5170,A00001071,253200,60,64,1,2014-01-20
5172,A00001083,50976,36,64,2,2018-04-16
5174,A00001093,385104,48,64,1,2017-06-13
5176,A00001106,192552,24,64,1,2014-11-12
5189,A00001166,149040,48,64,1,2014-02-07
5206,A00001242,128544,24,64,1,2017-09-07
5207,A00001244,35904,48,64,3,2017-02-28
5208,A00001247,99696,48,64,1,2015-03-16
5209,A00001250,182640,48,64,1,2016-11-25
5210,A00001252,148140,36,64,1,2017-04-01
5212,A00001256,71064,36,64,1,2015-05-29
5214,A00001270,74772,36,64,1,2017-07-01
5221,A00001284,52512,12,64,2,2018-12-05
5226,A00001318,185544,36,64,1,2018-10-11
5229,A00001329,23520,12,64,3,2017-09-06
5236,A00001374,389136,48,64,1,2017-09-15
5237,A00001375,45336,24,64,2,2015-08-29
5241,A00001389,125472,24,64,1,2018-09-02
5245,A00001407,125472,24,64,1,2018-01-17
5253,A00001447,100080,48,64,1,2017-06-03
5260,A00001480,123300,36,64,1,2018-01-19
5265,A00001498,165780,60,64,1,2018-10-07
5269,A00001527,164052,36,64,1,2014-11-19
5270,A00001528,191088,48,64,1,2017-07-21
5281,A00001580,194256,24,64,1,2017-11-27
5282,A00001583,388512,48,64,1,2016-08-24
5285,A00001603,78936,12,64,3,2014-02-06
5287,A00001638,64224,24,64,1,2018-01-26
5293,A00001656,189792,48,64,1,2018-10-29
5301,A00001698,141948,36,64,1,2016-07-06
5304,A00001718,172272,24,64,1,2018-08-20
5310,A00001762,248148,36,64,1,2015-04-28
5311,A00001766,30060,60,64,2,2016-06-15
5312,A00001772,202788,36,64,1,2016-03-13
5313,A00001776,43200,24,64,2,2018-05-27
5314,A00001787,96396,12,64,1,2013-07-05
5316,A00001801,165960,36,64,1,2013-07-11
5318,A00001808,385584,48,64,1,2018-09-30
5319,A00001811,239460,60,64,1,2014-06-23
5320,A00001819,143676,36,64,1,2018-01-11
5325,A00001843,105804,36,64,1,2013-08-03
5329,A00001862,396120,60,64,1,2016-10-16
5332,A00001869,37944,36,64,3,2018-01-29
5334,A00001876,209040,24,64,1,2018-09-10
5337,A00001886,162468,36,64,1,2016-07-31
5338,A00001888,57360,12,64,1,2017-08-30
5343,A00001906,44952,24,64,2,2017-10-08
5346,A00001928,55632,24,64,3,2018-12-06
5350,A00001967,249312,48,59,1,2016-04-21
5351,A00001978,205200,36,59,1,2014-12-04
5352,A00001993,68400,12,59,1,2015-04-15
5354,A00002000,290820,60,59,1,2018-07-14
5358,A00002018,38520,12,59,2,2017-01-21
5360,A00002035,176328,36,59,1,2018-01-25
5363,A00002051,293880,60,59,1,2017-04-22
5365,A00002055,271260,60,59,1,2018-07-19
5366,A00002062,86184,12,59,1,2016-10-29
5367,A00002064,83628,36,59,1,2017-08-26
5368,A00002073,44640,24,59,2,2018-10-05
5369,A00002080,214596,36,59,1,2017-09-12
5375,A00002106,101520,12,59,1,2016-10-03
5377,A00002116,92400,12,59,1,2017-08-04
5382,A00002134,22932,36,59,4,2017-03-17
5384,A00002142,23328,12,59,4,2018-03-07
5385,A00002143,71460,36,59,1,2016-09-09
5388,A00002153,61560,12,59,1,2016-11-28
5389,A00002165,78600,24,59,1,2017-08-22
5390,A00002167,170256,24,59,1,2014-10-30
5395,A00002176,299088,36,59,1,2014-07-30
5398,A00002187,53472,12,59,1,2017-11-04
5409,A00002218,182040,60,59,1,2015-11-18
5413,A00002227,92976,24,59,1,2015-12-12
5414,A00002228,185952,48,59,1,2015-03-29
5415,A00002236,139464,36,59,1,2016-09-26
5418,A00002245,347952,48,59,1,2015-01-16
5419,A00002246,415800,60,59,1,2017-02-05
5420,A00002247,72504,24,59,1,2017-02-24
5428,A00002262,230220,36,59,1,2018-12-02
5429,A00002268,20196,36,59,4,2016-07-18
5435,A00002279,314688,48,59,1,2018-06-01
5445,A00002322,46320,24,59,1,2016-06-29
5446,A00002334,48312,24,59,3,2017-08-04
5447,A00002335,541200,60,59,1,2017-11-12
5449,A00002343,99336,24,59,1,2015-11-04
5450,A00002345,199680,60,59,1,2014-12-11
5451,A00002350,159744,48,59,1,2017-05-11
5452,A00002352,49440,60,59,1,2016-04-29
5453,A00002361,156672,36,59,1,2015-04-01
5463,A00002413,17952,12,59,4,2018-10-06
5464,A00002419,95808,12,59,1,2015-01-30
5469,A00002445,293160,60,59,1,2017-12-26
5470,A00002456,200976,48,59,1,2016-04-15
5479,A00002486,24516,12,59,3,2014-01-10
5482,A00002496,165120,60,59,1,2016-01-12
5486,A00002516,466608,48,46,1,2017-06-13
5491,A00002545,428784,48,46,1,2018-02-13
5494,A00002572,360000,48,46,1,2016-06-13
5495,A00002580,89340,60,46,1,2016-08-02
5501,A00002622,136344,24,46,1,2018-05-21
5519,A00002694,91632,12,1,1,2014-03-08
5520,A00002699,231168,48,1,1,2018-08-30
5523,A00002705,93888,36,1,1,2013-12-08
5525,A00002720,93888,36,1,1,2018-04-27
5526,A00002725,69624,36,1,1,2018-11-08
5527,A00002728,156420,60,1,1,2018-06-15
5531,A00002753,66432,24,29,2,2017-09-30
5532,A00002754,335280,48,29,1,2017-05-04
5533,A00002762,111384,24,29,1,2014-07-05
5549,A00002824,50460,60,25,3,2014-07-16
5556,A00002872,268320,60,25,1,2017-05-19
5561,A00002910,437460,60,18,1,2018-08-29
5563,A00002912,380160,60,18,1,2016-02-29
5568,A00002933,272520,60,18,1,2014-05-17
5569,A00002936,504000,60,18,1,2018-01-20
5576,A00002962,31248,12,18,2,2014-12-21
5582,A00002982,41256,12,18,2,2018-04-17
5584,A00002986,24792,24,18,2,2017-12-06
5585,A00002988,88608,12,18,1,2018-07-08
5586,A00002994,48744,36,18,2,2016-09-14
5589,A00003005,390000,48,18,1,2018-06-05
5591,A00003021,155616,48,18,1,2016-12-04
5593,A00003037,277884,36,18,1,2016-04-18
5595,A00003050,82896,12,18,1,2014-09-02
5599,A00003064,15420,12,18,4,2015-03-21
5606,A00003084,253512,36,18,1,2016-08-28
5610,A00003112,123216,48,18,1,2016-02-24
5611,A00003115,321180,60,18,1,2016-11-15
5614,A00003137,253560,60,18,1,2018-09-21
5616,A00003143,130896,24,18,1,2018-05-15
5620,A00003161,30012,12,18,3,2018-06-16
5624,A00003166,177744,48,18,1,2015-01-03
5625,A00003189,222180,60,59,1,2016-12-15
5634,A00003229,39024,12,59,3,2017-05-01
5635,A00003230,77184,36,59,1,2016-10-04
5638,A00003249,68124,12,59,1,2017-08-27
5643,A00003273,94512,12,59,1,2017-09-21
5644,A00003293,276084,36,59,1,2018-11-27
5651,A00003329,19248,12,59,4,2017-12-08
5656,A00003353,146064,24,59,1,2017-02-09
5657,A00003354,4980,12,59,4,2014-07-05
5665,A00003390,40632,12,1,3,2018-03-11
5669,A00003403,71820,36,1,1,2018-06-27
5674,A00003418,207264,48,1,1,2017-06-10
5681,A00003448,68664,24,1,1,2017-10-20
5682,A00003455,67464,12,1,1,2017-03-07
5683,A00003460,140688,48,1,1,2018-05-29
5693,A00003489,44088,24,1,2,2015-08-01
5698,A00003556,174840,60,1,1,2018-09-22
5699,A00003562,174960,24,1,1,2018-05-24
5706,A00003608,161496,36,1,1,2016-05-24
5713,A00003629,158760,60,1,1,2015-05-30
5718,A00003637,14028,12,1,4,2017-09-01
5719,A00003664,271584,48,1,1,2017-09-20
5723,A00003674,23628,12,1,2,2014-09-10
5724,A00003678,316140,60,1,1,2015-02-05
5725,A00003679,444864,48,1,1,2016-07-23
5731,A00003711,460980,60,1,1,2017-11-05
5739,A00003747,76380,12,1,1,2015-01-02
5740,A00003752,18564,12,1,2,2015-04-02
5741,A00003754,68544,24,1,1,2016-11-03
5750,A00003804,63252,12,1,1,2016-02-08
5754,A00003834,23052,12,1,3,2014-09-28
5758,A00003859,307200,60,1,1,2017-05-02
5760,A00003862,74916,36,1,1,2018-09-18
5765,A00003875,153936,24,1,1,2018-02-10
5772,A00003906,334620,60,1,1,2018-03-08
5773,A00003907,133848,24,1,1,2018-03-16
5774,A00003916,96984,36,1,1,2018-07-12
5779,A00003942,107352,36,1,1,2017-10-14
5782,A00003953,63576,12,1,2,2018-01-04
5784,A00003967,84600,36,1,1,2017-03-29
5790,A00004033,84288,48,1,1,2017-03-20
5799,A00004052,106128,36,1,1,2017-12-28
5804,A00004079,158976,48,1,1,2015-04-05
5805,A00004081,137904,24,1,1,2015-11-28
5808,A00004099,41856,48,1,2,2017-07-31
5815,A00004116,151200,36,1,1,2018-06-03
5817,A00004127,100800,24,1,1,2017-08-15
5823,A00004144,212976,36,1,1,2018-06-21
5830,A00004190,405780,60,1,1,2017-08-28
5836,A00004259,79632,24,1,1,2014-08-27
5837,A00004260,244560,60,1,1,2014-06-29
5841,A00004268,41988,12,1,2,2018-11-04
5850,A00004293,164196,36,1,1,2017-05-22
5856,A00004320,51360,12,1,3,2017-08-09
5861,A00004337,51408,24,1,1,2014-12-08
5862,A00004342,100128,24,1,1,2017-12-09
5865,A00004354,327660,60,1,1,2018-10-30
5868,A00004361,90156,12,1,1,2017-03-29
5876,A00004413,221280,48,1,1,2015-02-08
5877,A00004414,97224,24,1,1,2015-02-23
5878,A00004415,74040,12,1,1,2017-04-01
5880,A00004423,73836,36,1,1,2015-10-31
5882,A00004427,87816,12,1,1,2014-09-26
5886,A00004447,192744,36,1,1,2016-10-31
5887,A00004448,192744,36,1,1,2014-10-03
5889,A00004456,321240,60,1,1,2018-02-09
5892,A00004462,66480,24,1,3,2016-05-14
5893,A00004467,86184,36,1,1,2018-08-03
5895,A00004473,93960,60,1,1,2017-01-03
5897,A00004476,15192,24,1,4,2016-09-25
5900,A00004503,135360,48,1,1,2016-01-01
5906,A00004533,81144,36,1,1,2018-05-05
5909,A00004550,61320,60,1,1,2018-01-03
5918,A00004576,300204,36,1,1,2014-06-04
5922,A00004580,20220,12,1,4,2015-08-05
5923,A00004585,64656,48,1,2,2016-10-10
5930,A00004616,66696,24,1,1,2018-01-12
5931,A00004618,66696,24,1,1,2017-03-17
5932,A00004626,33348,12,1,2,2017-06-18
5933,A00004631,87528,24,1,1,2017-12-13
5938,A00004650,402000,60,1,1,2016-08-25
5940,A00004660,106944,24,1,1,2017-05-28
5942,A00004681,162624,48,1,1,2017-03-15
5953,A00004715,97176,24,1,1,2017-03-14
5956,A00004725,168264,36,1,1,2017-11-04
5959,A00004727,107640,24,1,1,2015-08-11
5963,A00004746,204780,60,1,1,2017-09-07
5970,A00004774,465072,48,1,1,2015-07-09
5973,A00004784,219456,48,1,1,2017-11-24
5976,A00004794,465504,48,1,1,2017-12-27
5977,A00004803,59136,48,1,1,2017-02-25
5980,A00004825,21396,12,1,4,2015-08-18
5988,A00004851,141648,24,1,1,2016-08-22
5989,A00004852,213300,36,1,1,2016-03-04
5991,A00004858,335184,48,1,1,2018-07-27
5992,A00004863,76080,12,1,1,2017-03-18
5997,A00004894,117024,24,1,1,2013-11-04
5999,A00004907,98832,48,1,1,2016-01-03
6004,A00004937,143904,24,1,1,2014-07-23
6006,A00004948,359760,60,1,1,2016-11-15
6007,A00004949,289920,48,1,1,2017-08-30
6010,A00004969,150180,60,1,1,2017-03-06
6011,A00004981,179328,48,1,1,2016-11-28
6012,A00004994,258444,36,1,1,2016-08-03
6013,A00004995,128988,36,1,1,2016-02-03
6014,A00004999,165168,36,1,1,2017-05-18
6015,A00005001,110112,24,1,1,2016-11-09
6019,A00005033,11400,12,1,4,2016-07-25
6027,A00005066,61656,24,1,1,2016-02-10
6028,A00005072,317520,60,1,1,2017-02-09
6037,A00005118,53232,48,1,1,2017-05-04
6038,A00005120,323472,48,1,1,2014-08-10
6043,A00005126,20352,48,1,2,2016-01-11
6044,A00005133,57060,12,1,1,2018-01-27
6052,A00005164,22356,36,1,4,2018-03-23
6054,A00005180,58764,12,1,1,2018-07-16
6055,A00005181,399120,60,1,1,2017-04-28
6059,A00005196,79824,12,1,1,2017-12-28
6063,A00005213,320976,48,1,1,2016-04-25
6064,A00005215,14628,12,1,4,2014-08-04
6066,A00005228,173808,24,1,1,2014-07-11
6072,A00005256,193968,36,1,1,2014-05-10
6073,A00005263,276300,60,1,1,2016-11-12
6075,A00005267,129312,24,1,1,2017-11-26
6076,A00005269,117420,60,1,1,2017-02-02
6077,A00005270,79608,24,1,3,2013-11-22
6078,A00005283,170832,48,1,1,2018-09-09
6083,A00005305,240528,48,1,1,2018-03-31
6087,A00005313,300660,60,1,1,2014-02-27
6088,A00005317,90180,36,1,1,2017-03-07
6095,A00005358,68340,60,1,1,2017-01-24
6097,A00005362,202848,48,1,1,2017-08-21
6103,A00005385,149340,60,1,1,2014-04-07
6104,A00005395,158184,36,1,1,2017-09-05
6109,A00005422,368880,60,1,1,2016-06-03
6111,A00005428,174744,24,1,1,2013-09-24
6112,A00005442,174744,24,1,1,2014-06-17
6113,A00005445,78696,36,1,2,2017-10-01
6118,A00005477,349392,48,1,1,2017-10-04
6120,A00005481,209184,48,1,1,2014-09-11
6130,A00005541,32640,48,1,2,2016-07-18
6136,A00005572,140880,60,1,1,2018-04-19
6137,A00005574,44628,12,1,3,2016-04-10
6142,A00005591,221880,60,1,1,2017-01-21
6144,A00005593,44376,12,1,2,2016-08-09
6147,A00005602,177504,48,1,1,2017-12-28
6150,A00005622,83016,12,1,1,2014-11-02
6151,A00005628,225420,60,1,1,2015-04-25
6153,A00005632,285600,60,1,1,2015-07-25
6157,A00005650,98592,24,1,1,2015-07-10
6168,A00005698,99216,36,1,1,2018-11-21
6169,A00005700,103680,60,1,1,2015-03-16
6173,A00005724,232560,48,1,1,2017-01-08
6175,A00005735,290700,60,1,1,2016-02-21
6178,A00005742,232560,48,1,1,2015-12-16
6185,A00005774,31176,24,1,2,2015-11-28
6190,A00005794,123600,60,1,1,2016-05-06
6196,A00005837,177804,36,1,1,2017-09-14
6202,A00005891,65184,12,1,3,2014-04-18
6207,A00005912,184620,60,1,1,2018-06-23
6210,A00005927,87216,48,1,1,2014-06-06
6215,A00005944,78720,48,1,2,2018-06-18
6216,A00005952,141240,24,1,1,2014-09-30
6223,A00005991,61056,48,1,1,2014-11-03
6227,A00006030,28248,24,1,2,2015-03-04
6228,A00006034,464520,60,1,1,2013-12-01
6229,A00006040,11736,24,1,4,2014-10-02
6232,A00006051,276660,36,1,1,2014-07-08
6234,A00006061,5148,12,1,4,2018-05-28
6235,A00006062,321360,60,1,1,2018-04-19
6237,A00006075,407952,48,1,1,2018-01-06
6239,A00006083,360864,48,1,1,2017-09-28
6242,A00006097,26208,36,1,2,2017-10-22
6244,A00006118,270648,36,1,1,2015-01-08
6249,A00006138,67608,24,1,1,2017-07-30
6253,A00006148,59760,24,1,1,2014-11-04
6254,A00006157,247920,48,1,1,2017-12-28
6255,A00006158,247920,48,1,1,2017-02-08
6272,A00006226,398640,60,1,1,2014-12-20
6278,A00006265,87360,24,1,1,2017-06-10
6279,A00006273,87360,24,1,1,2014-06-07
6283,A00006289,85632,48,1,1,2016-08-11
6294,A00006353,79920,60,1,1,2015-02-12
6296,A00006358,270384,48,1,1,2016-08-06
6297,A00006363,17508,12,1,4,2014-10-25
6302,A00006397,181020,60,1,1,2016-09-16
6303,A00006400,72408,24,1,1,2016-02-12
6306,A00006425,36684,12,1,2,2014-12-20
6309,A00006434,110136,24,1,1,2016-11-11
6310,A00006440,34572,12,1,2,2017-06-17
6312,A00006453,10944,36,1,4,2018-05-17
6313,A00006461,150912,36,1,1,2017-06-15
6315,A00006472,43164,12,1,2,2015-02-06
6316,A00006473,76908,12,1,1,2014-05-26
6320,A00006495,104964,12,1,1,2018-04-28
6321,A00006505,38496,12,1,3,2018-10-08
6322,A00006510,76992,24,1,1,2017-05-06
6336,A00006555,212400,36,1,1,2014-03-31
6338,A00006592,390660,60,1,1,2017-08-24
6342,A00006609,60156,36,1,1,2015-11-12
6346,A00006649,100260,60,1,1,2017-05-22
6350,A00006678,294384,48,1,1,2017-07-09
6353,A00006686,116496,24,1,1,2017-12-25
6354,A00006688,22968,36,1,4,2016-10-23
6355,A00006699,127200,48,1,1,2017-09-24
6356,A00006701,95400,36,1,1,2013-12-08
6357,A00006706,64860,60,1,2,2018-07-12
6358,A00006715,137880,60,1,1,2015-01-14
6362,A00006738,37908,12,1,2,2015-10-31
6377,A00006792,17184,12,1,2,2017-03-17
6386,A00006856,124344,36,1,1,2017-04-30
6399,A00006902,49320,36,1,3,2017-12-21
6402,A00006922,139488,24,1,1,2018-12-06
6403,A00006924,194880,48,1,1,2015-12-05
6407,A00006930,25944,24,1,3,2014-05-26
6415,A00006950,475680,48,1,1,2017-02-12
6421,A00006985,96768,36,1,1,2016-07-25
6435,A00007045,288720,48,1,1,2017-06-16
6436,A00007049,495180,60,1,1,2018-05-22
6437,A00007052,63972,36,1,3,2017-11-09
6442,A00007082,194160,48,1,1,2018-02-08
6450,A00007099,234336,48,1,1,2018-06-10
6456,A00007123,47016,12,1,1,2013-12-09
6460,A00007133,48672,36,1,2,2014-11-06
6461,A00007136,74124,36,1,1,2016-09-19
6464,A00007156,49488,24,1,1,2018-04-16
6468,A00007176,203940,60,1,1,2017-11-30
6469,A00007180,99744,24,1,1,2018-11-17
6470,A00007181,49872,12,1,1,2018-05-17
6471,A00007184,155640,24,1,1,2016-08-04
6474,A00007190,63360,60,1,3,2015-06-06
6486,A00007240,152160,60,1,1,2018-01-15
6490,A00007262,73260,60,1,1,2017-02-10
6495,A00007274,49044,12,1,3,2018-03-12
6499,A00007401,80952,24,1,1,2014-01-05
6501,A00007418,30276,12,1,3,2016-04-29
6502,A00007424,30276,12,1,2,2017-12-08
6508,A00007437,110736,48,1,1,2018-04-19
6509,A00007445,55368,24,1,2,2014-03-15
6512,A00007454,63312,48,1,1,2014-05-26
6520,A00007485,91200,24,1,1,2014-03-16
6526,A00007523,288468,36,1,1,2015-01-03
6534,A00007542,590820,60,1,1,2017-10-19
6535,A00007546,41952,12,1,3,2015-11-02
6539,A00007559,12792,12,1,4,2018-07-11
6540,A00007562,309600,48,1,1,2015-12-31
6541,A00007565,153504,48,1,1,2017-08-17
6544,A00007594,130464,48,1,1,2017-12-11
6545,A00007606,191880,60,1,1,2015-12-12
6546,A00007607,31728,24,1,3,2015-03-27
6550,A00007614,320592,48,1,1,2016-05-18
6552,A00007632,170448,48,1,1,2018-01-08
6553,A00007636,42384,12,1,3,2018-01-26
6554,A00007637,390096,48,1,1,2017-01-29
6562,A00007674,94488,24,1,1,2017-03-21
6568,A00007713,220440,60,1,1,2018-02-25
6569,A00007721,45456,12,1,3,2018-05-28
6571,A00007733,140064,24,1,1,2018-05-12
6574,A00007745,77544,36,1,3,2017-12-20
6577,A00007753,51696,24,1,2,2014-03-11
6578,A00007765,27984,12,1,2,2015-12-11
6580,A00007769,196080,48,1,1,2014-05-22
6585,A00007795,372120,60,1,1,2016-10-29
6589,A00007815,189696,24,1,1,2016-01-01
6591,A00007819,20832,48,1,4,2015-02-02
6594,A00007824,189696,24,1,1,2014-09-28
6596,A00007844,91584,24,1,1,2014-06-25
6598,A00007857,68112,12,1,1,2015-01-18
6599,A00007859,72120,12,1,1,2016-11-19
6600,A00007861,21852,36,1,4,2015-10-08
6605,A00007890,79344,48,1,2,2017-10-14
6607,A00007894,153144,36,1,1,2017-10-21
6612,A00007907,97392,12,1,1,2017-08-31
6613,A00007926,84120,24,1,1,2016-09-22
6621,A00007957,42900,12,1,2,2017-06-14
6624,A00007965,71460,12,1,1,2014-09-30
6625,A00007966,473280,60,1,1,2017-09-07
6632,A00007990,144960,48,1,1,2018-04-23
6633,A00007997,160656,24,1,1,2018-02-05
6641,A00008026,128268,36,1,1,2017-09-09
6642,A00008027,77640,12,1,2,2014-06-05
6643,A00008038,35856,24,1,2,2018-01-18
6644,A00008039,93600,24,1,1,2016-10-20
6645,A00008041,140400,36,1,1,2014-11-06
6647,A00008051,208320,48,1,1,2014-06-01
6650,A00008073,49320,12,1,2,2014-02-17
6655,A00008085,260400,60,1,1,2017-10-17
6659,A00008092,56100,60,1,1,2016-02-20
6660,A00008094,220428,36,1,1,2017-05-09
6665,A00008114,99300,60,1,1,2017-08-15
6667,A00008127,155880,24,1,1,2016-07-15
6668,A00008129,74736,36,1,1,2014-07-30
6675,A00008158,238716,36,1,1,2017-11-01
6676,A00008159,29784,24,1,2,2015-06-13
6677,A00008169,97980,60,1,1,2017-08-12
6678,A00008173,80340,12,1,1,2014-05-20
6682,A00008225,36204,12,1,3,2018-03-30
6686,A00008260,224604,36,1,1,2014-08-25
6687,A00008261,87840,24,1,1,2013-09-13
6688,A00008268,8616,24,1,4,2017-09-26
6694,A00008316,134784,24,1,1,2015-03-19
6695,A00008320,309660,60,1,1,2017-06-04
6696,A00008321,89040,60,1,1,2014-05-09
6698,A00008327,247728,48,1,1,2016-03-10
6699,A00008330,7656,24,1,4,2014-03-30
6704,A00008377,417060,60,1,1,2015-06-01
6705,A00008381,333648,48,1,1,2017-07-25
6712,A00008405,266220,60,1,1,2015-10-14
6715,A00008411,220620,60,1,1,2016-05-06
6721,A00008475,21072,24,1,4,2014-01-21
6725,A00008489,265320,36,1,1,2015-06-23
6726,A00008492,85860,60,1,1,2015-09-03
6727,A00008505,42840,12,1,2,2017-12-10
6729,A00008519,74688,12,1,1,2014-08-11
6730,A00008523,93036,12,1,1,2018-02-15
6732,A00008533,174048,48,1,1,2016-09-19
6734,A00008547,173016,36,1,1,2016-05-30
6736,A00008558,288360,60,1,1,2014-06-14
6737,A00008564,76680,24,1,1,2015-03-11
6738,A00008566,230220,36,1,1,2014-09-29
6745,A00008625,47304,24,1,3,2015-04-10
6746,A00008639,185640,60,1,1,2018-06-06
6748,A00008645,240900,60,1,1,2018-12-08
6751,A00008680,85716,36,1,1,2016-07-14
6753,A00008688,67980,12,1,1,2017-03-20
6755,A00008713,170700,60,1,1,2018-07-24
6758,A00008742,33144,12,1,2,2017-07-29
6763,A00008772,88272,48,1,1,2017-06-19
6764,A00008776,33984,48,1,2,2015-08-26
6766,A00008784,74352,24,1,1,2018-04-28
6785,A00008899,125340,60,1,1,2015-12-25
6790,A00008919,76104,24,1,1,2018-06-08
6791,A00008926,566640,60,1,1,2018-01-23
6793,A00008931,186300,60,1,1,2017-01-30
6805,A00008972,45024,48,1,2,2016-12-21
6808,A00008982,227880,36,1,1,2014-10-12
6810,A00009006,186384,48,1,1,2016-06-08
6816,A00009017,100224,48,1,1,2016-03-26
6817,A00009024,70656,48,1,1,2016-10-04
6818,A00009030,155616,48,1,1,2016-12-12
6819,A00009031,50112,24,1,1,2017-05-03
6820,A00009034,38148,12,1,2,2013-12-16
6821,A00009037,321936,48,1,1,2018-09-15
6824,A00009052,71976,24,1,1,2017-02-26
6836,A00009093,189300,60,1,1,2014-08-03
6841,A00009104,172080,48,1,1,2014-08-07
6851,A00009138,272220,60,1,1,2017-06-03
6852,A00009140,16032,48,1,4,2018-11-10
6855,A00009153,52236,36,1,3,2018-03-01
6856,A00009156,163332,36,1,1,2018-12-01
6857,A00009159,69600,48,1,1,2018-06-08
6859,A00009167,272220,60,1,1,2018-03-07
6861,A00009179,215040,60,1,1,2018-02-28
6863,A00009188,127080,60,1,1,2013-07-28
6865,A00009199,29448,12,1,2,2016-09-11
6866,A00009201,122472,24,1,1,2018-02-05
6868,A00009208,82128,24,1,1,2018-10-12
6871,A00009225,164256,48,1,1,2017-04-13
6872,A00009227,191580,60,1,1,2018-04-29
6875,A00009235,83280,48,1,1,2017-03-13
6876,A00009236,86616,12,1,1,2013-12-21
6877,A00009241,285240,60,1,1,2017-06-19
6878,A00009242,23184,12,1,2,2017-01-24
6887,A00009263,39576,12,1,2,2017-05-08
6888,A00009265,39576,12,1,3,2014-07-11
6895,A00009307,41904,12,1,2,2014-09-19
6903,A00009337,52128,24,1,2,2014-06-04
6908,A00009353,188616,24,1,1,2017-06-08
6913,A00009377,99936,24,1,1,2017-04-29
6919,A00009403,120888,36,1,1,2014-08-05
6921,A00009422,86184,12,1,1,2016-10-29
6922,A00009424,83628,36,1,1,2017-08-26
6923,A00009433,44640,24,1,2,2018-10-05
6926,A00009455,374760,60,1,1,2018-02-07
6929,A00009472,36396,12,1,2,2015-05-08
6932,A00009491,225504,48,1,1,2018-06-25
6933,A00009493,188688,48,1,1,2015-09-09
6934,A00009494,116832,12,1,1,2017-02-09
6938,A00009504,341280,60,1,1,2017-03-10
6940,A00009510,228276,36,1,1,2016-11-22
6942,A00009513,18324,12,1,4,2017-07-16
6944,A00009548,46176,48,1,1,2016-11-15
6948,A00009560,157068,36,1,1,2018-03-15
6949,A00009583,104712,24,1,1,2015-12-12
6950,A00009591,104712,24,1,1,2015-04-11
6955,A00009627,244368,48,1,1,2015-11-22
6956,A00009631,59448,24,1,1,2017-11-09
6959,A00009633,59448,24,1,1,2017-06-30
6960,A00009640,76416,24,1,1,2015-01-11
6961,A00009645,176148,36,1,1,2016-06-06
6962,A00009646,279072,48,1,1,2018-04-02
6965,A00009656,139536,24,1,1,2015-06-13
6969,A00009673,88200,36,1,1,2018-09-12
6970,A00009677,31620,60,1,2,2017-06-17
6984,A00009730,116040,60,1,1,2017-08-15
6985,A00009731,113796,36,1,1,2015-11-22
6986,A00009750,151728,48,1,1,2015-02-11
6992,A00009790,133968,48,1,1,2016-07-27
6995,A00009814,96168,12,1,1,2016-09-26
6996,A00009828,126600,24,1,1,2015-04-13
6998,A00009833,97632,12,1,1,2014-05-21
7001,A00009859,300600,60,1,1,2017-08-10
7004,A00009869,331560,60,1,1,2015-03-15
7008,A00009897,36168,12,1,2,2015-09-22
7013,A00009928,89340,60,1,1,2016-08-02
7034,A00010001,19044,36,1,4,2016-07-11
7035,A00010005,210744,36,1,1,2018-07-29
7036,A00010019,194940,36,1,1,2016-09-25
7037,A00010022,218064,48,1,1,2018-01-03
7046,A00010049,91632,12,1,1,2017-03-28
7049,A00010063,233424,36,1,1,2017-06-24
7050,A00010065,311232,48,1,1,2017-09-23
7051,A00010068,77808,12,1,3,2017-07-28
7055,A00010079,167100,60,1,1,2014-04-06
7057,A00010093,231696,36,1,1,2015-10-20
7061,A00010105,121896,24,1,1,2014-08-27
7066,A00010131,215388,36,1,1,2014-05-02
7067,A00010134,136368,24,1,1,2018-01-11
7072,A00010148,22104,12,1,2,2018-01-27
7085,A00010202,305424,48,1,1,2017-06-19
7087,A00010215,44304,24,1,3,2017-02-20
7088,A00010233,239160,60,1,1,2017-05-03
7091,A00010243,113436,36,1,1,2018-09-22
7096,A00010257,37812,12,1,3,2018-09-02
7097,A00010266,75624,24,1,1,2013-12-23
7100,A00010280,348120,60,1,1,2017-12-31
7101,A00010297,421008,48,1,1,2016-11-18
7104,A00010320,259740,60,1,1,2013-12-13
7110,A00010345,31260,12,1,3,2018-01-21
7115,A00010351,88704,48,1,1,2017-03-04
7119,A00010361,86880,12,1,1,2017-06-02
7121,A00010364,21924,36,1,2,2013-11-10
7122,A00010365,260640,36,1,1,2017-01-04
7129,A00010404,194280,60,1,1,2018-03-01
7130,A00010411,123408,24,1,1,2016-12-11
7136,A00010436,54396,36,1,3,2016-09-28
7137,A00010439,151560,24,1,1,2014-06-03
7138,A00010440,60000,60,1,1,2015-07-03
7139,A00010445,23412,12,1,2,2018-01-22
7142,A00010451,482940,60,1,1,2014-12-19
7147,A00010478,267600,48,1,1,2018-01-02
7151,A00010493,133800,24,1,1,2018-02-18
7154,A00010520,417600,60,1,1,2016-12-05
7164,A00010613,249792,48,1,1,2018-08-15
7166,A00010630,198240,24,1,1,2015-06-24
7167,A00010644,269964,36,1,1,2018-06-18
7168,A00010645,208332,36,1,1,2018-07-05
7171,A00010650,196224,48,1,1,2018-02-24
7172,A00010652,45720,12,1,2,2018-05-07
7176,A00010663,260028,36,1,1,2015-10-28
7181,A00010679,197808,24,1,1,2017-10-02
7187,A00010711,24180,60,1,4,2017-12-24
7189,A00010728,154656,48,1,1,2016-03-21
7192,A00010738,115992,36,1,1,2014-12-21
7194,A00010762,68832,36,1,1,2016-09-17
7195,A00010774,339168,48,1,1,2018-04-23
7198,A00010788,45768,12,1,3,2014-08-23
7199,A00010789,45768,12,1,1,2017-12-09
7200,A00010799,31140,60,1,2,2018-07-11
7201,A00010807,67464,12,1,1,2017-03-07
7202,A00010812,140688,48,1,1,2018-05-29
7209,A00010857,385560,60,1,1,2017-11-30
7213,A00010884,113544,36,1,1,2016-02-13
7219,A00010905,57120,48,1,1,2017-08-23
7220,A00010911,131292,36,1,1,2014-07-28
7221,A00010915,152460,60,1,1,2018-06-11
7226,A00010940,197748,36,1,1,2014-02-23
7227,A00010942,314520,60,1,1,2015-10-02
7230,A00010954,18720,60,1,4,2017-04-02
7233,A00010963,115812,36,1,1,2016-12-25
7235,A00010973,154416,48,1,1,2013-10-13
7240,A00011013,274740,60,1,1,2013-09-06
7241,A00011021,168984,24,1,1,2015-03-04
7242,A00011027,48096,24,1,2,2017-10-23
7243,A00011042,217152,36,1,1,2015-12-04
7246,A00011054,148920,60,1,1,2016-08-20
7249,A00011065,69360,48,1,1,2014-06-12
7250,A00011069,119136,48,1,1,2017-03-04
7253,A00011079,98304,12,1,1,2017-04-26
7255,A00011096,213300,60,1,1,2017-06-09
7259,A00011111,108144,36,1,1,2014-01-31
7262,A00011135,182628,36,1,1,2014-03-01
7263,A00011138,89880,24,1,1,2016-01-19
7264,A00011141,44940,12,1,2,2017-10-07
7271,A00011186,392460,60,1,1,2016-10-02
7277,A00011231,89280,12,1,1,2017-10-24
7279,A00011244,155760,24,1,1,2017-12-11
7284,A00011265,52788,12,1,3,2013-09-15
7286,A00011271,67320,36,1,1,2017-01-31
7292,A00011317,317460,60,1,1,2018-11-22
7294,A00011327,39168,24,1,2,2018-09-27
7295,A00011328,280440,60,1,1,2018-07-18
7304,A00011349,419880,60,1,1,2015-10-29
7305,A00011359,54024,12,1,1,2016-08-06
7308,A00011362,129408,24,1,1,2016-12-27
